[
  {
    "inputs": [
      { "internalType": "contract AlpacaToken", "name": "_alpaca", "type": "address" },
      { "internalType": "address", "name": "_devaddr", "type": "address" },
      { "internalType": "uint256", "name": "_alpacaPerBlock", "type": "uint256" },
      { "internalType": "uint256", "name": "_startBlock", "type": "uint256" },
      { "internalType": "uint256", "name": "_bonusLockupBps", "type": "uint256" },
      { "internalType": "uint256", "name": "_bonusEndBlock", "type": "uint256" }
    ],
    "stateMutability": "nonpayable",
    "type": "constructor"
  },
  {
    "anonymous": false,
    "inputs": [
      { "indexed": true, "internalType": "address", "name": "user", "type": "address" },
      { "indexed": true, "internalType": "uint256", "name": "pid", "type": "uint256" },
      { "indexed": false, "internalType": "uint256", "name": "amount", "type": "uint256" }
    ],
    "name": "Deposit",
    "type": "event"
  },
  {
    "anonymous": false,
    "inputs": [
      { "indexed": true, "internalType": "address", "name": "user", "type": "address" },
      { "indexed": true, "internalType": "uint256", "name": "pid", "type": "uint256" },
      { "indexed": false, "internalType": "uint256", "name": "amount", "type": "uint256" }
    ],
    "name": "EmergencyWithdraw",
    "type": "event"
  },
  {
    "anonymous": false,
    "inputs": [
      { "indexed": true, "internalType": "address", "name": "previousOwner", "type": "address" },
      { "indexed": true, "internalType": "address", "name": "newOwner", "type": "address" }
    ],
    "name": "OwnershipTransferred",
    "type": "event"
  },
  {
    "anonymous": false,
    "inputs": [
      { "indexed": true, "internalType": "address", "name": "user", "type": "address" },
      { "indexed": true, "internalType": "uint256", "name": "pid", "type": "uint256" },
      { "indexed": false, "internalType": "uint256", "name": "amount", "type": "uint256" }
    ],
    "name": "Withdraw",
    "type": "event"
  },
  {
    "inputs": [
      { "internalType": "uint256", "name": "_allocPoint", "type": "uint256" },
      { "internalType": "address", "name": "_stakeToken", "type": "address" },
      { "internalType": "bool", "name": "_withUpdate", "type": "bool" }
    ],
    "name": "addPool",
    "outputs": [],
    "stateMutability": "nonpayable",
    "type": "function"
  },
  {
    "inputs": [],
    "name": "alpaca",
    "outputs": [{ "internalType": "contract AlpacaToken", "name": "", "type": "address" }],
    "stateMutability": "view",
    "type": "function"
  },
  {
    "inputs": [],
    "name": "alpacaPerBlock",
    "outputs": [{ "internalType": "uint256", "name": "", "type": "uint256" }],
    "stateMutability": "view",
    "type": "function"
  },
  {
    "inputs": [],
    "name": "bonusEndBlock",
    "outputs": [{ "internalType": "uint256", "name": "", "type": "uint256" }],
    "stateMutability": "view",
    "type": "function"
  },
  {
    "inputs": [],
    "name": "bonusLockUpBps",
    "outputs": [{ "internalType": "uint256", "name": "", "type": "uint256" }],
    "stateMutability": "view",
    "type": "function"
  },
  {
    "inputs": [],
    "name": "bonusMultiplier",
    "outputs": [{ "internalType": "uint256", "name": "", "type": "uint256" }],
    "stateMutability": "view",
    "type": "function"
  },
  {
    "inputs": [
      { "internalType": "address", "name": "_for", "type": "address" },
      { "internalType": "uint256", "name": "_pid", "type": "uint256" },
      { "internalType": "uint256", "name": "_amount", "type": "uint256" }
    ],
    "name": "deposit",
    "outputs": [],
    "stateMutability": "nonpayable",
    "type": "function"
  },
  {
    "inputs": [],
    "name": "devaddr",
    "outputs": [{ "internalType": "address", "name": "", "type": "address" }],
    "stateMutability": "view",
    "type": "function"
  },
  {
    "inputs": [{ "internalType": "uint256", "name": "_pid", "type": "uint256" }],
    "name": "emergencyWithdraw",
    "outputs": [],
    "stateMutability": "nonpayable",
    "type": "function"
  },
  {
    "inputs": [
      { "internalType": "uint256", "name": "_lastRewardBlock", "type": "uint256" },
      { "internalType": "uint256", "name": "_currentBlock", "type": "uint256" }
    ],
    "name": "getMultiplier",
    "outputs": [{ "internalType": "uint256", "name": "", "type": "uint256" }],
    "stateMutability": "view",
    "type": "function"
  },
  {
    "inputs": [{ "internalType": "uint256", "name": "_pid", "type": "uint256" }],
    "name": "harvest",
    "outputs": [],
    "stateMutability": "nonpayable",
    "type": "function"
  },
  {
    "inputs": [{ "internalType": "address", "name": "_stakeToken", "type": "address" }],
    "name": "isDuplicatedPool",
    "outputs": [{ "internalType": "bool", "name": "", "type": "bool" }],
    "stateMutability": "view",
    "type": "function"
  },
  {
    "inputs": [
      { "internalType": "address", "name": "_to", "type": "address" },
      { "internalType": "uint256", "name": "_amount", "type": "uint256" }
    ],
    "name": "manualMint",
    "outputs": [],
    "stateMutability": "nonpayable",
    "type": "function"
  },
  {
    "inputs": [],
    "name": "massUpdatePools",
    "outputs": [],
    "stateMutability": "nonpayable",
    "type": "function"
  },
  {
    "inputs": [],
    "name": "owner",
    "outputs": [{ "internalType": "address", "name": "", "type": "address" }],
    "stateMutability": "view",
    "type": "function"
  },
  {
    "inputs": [
      { "internalType": "uint256", "name": "_pid", "type": "uint256" },
      { "internalType": "address", "name": "_user", "type": "address" }
    ],
    "name": "pendingAlpaca",
    "outputs": [{ "internalType": "uint256", "name": "", "type": "uint256" }],
    "stateMutability": "view",
    "type": "function"
  },
  {
    "inputs": [{ "internalType": "uint256", "name": "", "type": "uint256" }],
    "name": "poolInfo",
    "outputs": [
      { "internalType": "address", "name": "stakeToken", "type": "address" },
      { "internalType": "uint256", "name": "allocPoint", "type": "uint256" },
      { "internalType": "uint256", "name": "lastRewardBlock", "type": "uint256" },
      { "internalType": "uint256", "name": "accAlpacaPerShare", "type": "uint256" },
      { "internalType": "uint256", "name": "accAlpacaPerShareTilBonusEnd", "type": "uint256" }
    ],
    "stateMutability": "view",
    "type": "function"
  },
  {
    "inputs": [],
    "name": "poolLength",
    "outputs": [{ "internalType": "uint256", "name": "", "type": "uint256" }],
    "stateMutability": "view",
    "type": "function"
  },
  {
    "inputs": [],
    "name": "renounceOwnership",
    "outputs": [],
    "stateMutability": "nonpayable",
    "type": "function"
  },
  {
    "inputs": [{ "internalType": "uint256", "name": "_alpacaPerBlock", "type": "uint256" }],
    "name": "setAlpacaPerBlock",
    "outputs": [],
    "stateMutability": "nonpayable",
    "type": "function"
  },
  {
    "inputs": [
      { "internalType": "uint256", "name": "_bonusMultiplier", "type": "uint256" },
      { "internalType": "uint256", "name": "_bonusEndBlock", "type": "uint256" },
      { "internalType": "uint256", "name": "_bonusLockUpBps", "type": "uint256" }
    ],
    "name": "setBonus",
    "outputs": [],
    "stateMutability": "nonpayable",
    "type": "function"
  },
  {
    "inputs": [{ "internalType": "address", "name": "_devaddr", "type": "address" }],
    "name": "setDev",
    "outputs": [],
    "stateMutability": "nonpayable",
    "type": "function"
  },
  {
    "inputs": [
      { "internalType": "uint256", "name": "_pid", "type": "uint256" },
      { "internalType": "uint256", "name": "_allocPoint", "type": "uint256" },
      { "internalType": "bool", "name": "_withUpdate", "type": "bool" }
    ],
    "name": "setPool",
    "outputs": [],
    "stateMutability": "nonpayable",
    "type": "function"
  },
  {
    "inputs": [],
    "name": "startBlock",
    "outputs": [{ "internalType": "uint256", "name": "", "type": "uint256" }],
    "stateMutability": "view",
    "type": "function"
  },
  {
    "inputs": [],
    "name": "totalAllocPoint",
    "outputs": [{ "internalType": "uint256", "name": "", "type": "uint256" }],
    "stateMutability": "view",
    "type": "function"
  },
  {
    "inputs": [{ "internalType": "address", "name": "newOwner", "type": "address" }],
    "name": "transferOwnership",
    "outputs": [],
    "stateMutability": "nonpayable",
    "type": "function"
  },
  {
    "inputs": [{ "internalType": "uint256", "name": "_pid", "type": "uint256" }],
    "name": "updatePool",
    "outputs": [],
    "stateMutability": "nonpayable",
    "type": "function"
  },
  {
    "inputs": [
      { "internalType": "uint256", "name": "", "type": "uint256" },
      { "internalType": "address", "name": "", "type": "address" }
    ],
    "name": "userInfo",
    "outputs": [
      { "internalType": "uint256", "name": "amount", "type": "uint256" },
      { "internalType": "uint256", "name": "rewardDebt", "type": "uint256" },
      { "internalType": "uint256", "name": "bonusDebt", "type": "uint256" },
      { "internalType": "address", "name": "fundedBy", "type": "address" }
    ],
    "stateMutability": "view",
    "type": "function"
  },
  {
    "inputs": [
      { "internalType": "address", "name": "_for", "type": "address" },
      { "internalType": "uint256", "name": "_pid", "type": "uint256" },
      { "internalType": "uint256", "name": "_amount", "type": "uint256" }
    ],
    "name": "withdraw",
    "outputs": [],
    "stateMutability": "nonpayable",
    "type": "function"
  },
  {
    "inputs": [
      { "internalType": "address", "name": "_for", "type": "address" },
      { "internalType": "uint256", "name": "_pid", "type": "uint256" }
    ],
    "name": "withdrawAll",
    "outputs": [],
    "stateMutability": "nonpayable",
    "type": "function"
  }
]
