[
  {
    "name": "alpaca-ibalpaca",
    "address": "0xf1bE8ecC990cBcb90e166b71E368299f0116d421",
    "oracle": "tokens",
    "oracleId": "ALPACA",
    "decimals": "1e18",
    "poolId": 11,
    "workers": [
      "0xecfB6E8BEceA9A65A5a367497230dF14F64A14C9",
      "0x41c1D9544ED9fa6b604ecAf7430b4CfDf883c46F",
      "0x9eD2Ee419b65b6745Be435ba5D28407b9A2F8F5A",
      "0xe8084D7Ded35E2840386f04d609cdb49C7E36d88",
      "0x946eb7078B2C4eE18BEa314a48396572eD2581f7",
      "0xC2f8CcAf5530d9148bb07A6947b2f0F317e59e23"
    ]
  },
  {
    "name": "alpaca-ibbnb",
    "address": "0xd7D069493685A581d27824Fc46EdA46B7EfC0063",
    "oracle": "tokens",
    "oracleId": "WBNB",
    "decimals": "1e18",
    "poolId": 1
  },
  {
    "name": "alpaca-ibbusd",
    "address": "0x7C9e73d4C71dae564d41F78d56439bB4ba87592f",
    "oracle": "tokens",
    "oracleId": "BUSD",
    "decimals": "1e18",
    "poolId": 3
  }
]
