[
  {
    "name": "auto-ada-v2",
    "poolId": 94
  },
  {
    "name": "auto-sxp-v2",
    "poolId": 93
  },
  {
    "name": "auto-mdex-btc-eth",
    "poolId": 133
  },
  {
    "name": "auto-wbnb-v2",
    "poolId": 84
  },
  {
    "name": "auto-busd-v2",
    "poolId": 85
  },
  {
    "name": "auto-usdt-v2",
    "poolId": 86
  },
  {
    "name": "auto-usdc-v2",
    "poolId": 87
  },
  {
    "name": "auto-btc-v2",
    "poolId": 89
  },
  {
    "name": "auto-eth-v2",
    "poolId": 90
  },
  {
    "name": "auto-wbnb",
    "poolId": 1
  },
  {
    "name": "auto-busd",
    "poolId": 2
  },
  {
    "name": "auto-btc",
    "poolId": 3
  },
  {
    "name": "auto-eth",
    "poolId": 4
  },
  {
    "name": "auto-auto-bnb",
    "poolId": 6
  },
  {
    "name": "auto-cake",
    "poolId": 7
  },
  {
    "name": "auto-usdt",
    "poolId": 16
  },
  {
    "name": "auto-usdc",
    "poolId": 17
  },
  {
    "name": "auto-beth-eth",
    "poolId": 44
  },
  {
    "name": "auto-cake-bnb",
    "poolId": 8
  },
  {
    "name": "auto-busd-bnb",
    "poolId": 10
  },
  {
    "name": "auto-btc-bnb",
    "poolId": 11
  },
  {
    "name": "auto-wbnb-old",
    "poolId": 1
  },
  {
    "name": "auto-busd-old",
    "poolId": 2
  },
  {
    "name": "auto-cake-old",
    "poolId": 7
  },
  {
    "name": "auto-comp-eth",
    "poolId": 45
  },
  {
    "name": "auto-hget-bnb",
    "poolId": 63
  },
  {
    "name": "auto-ctk-bnb",
    "poolId": 62
  },
  {
    "name": "auto-ust-busd",
    "poolId": 32
  },
  {
    "name": "auto-usdt-busd",
    "poolId": 132
  },
  {
    "name": "auto-btcb-eth",
    "poolId": 133
  },
  {
    "name": "auto-btcb-usdt",
    "poolId": 129
  },
  {
    "name": "auto-eth-usdt",
    "poolId": 130
  },
  {
    "name": "auto-eth-beth",
    "poolId": 157
  }
]
