[
  {
    "name": "auto-eth-beth",
    "address": "0x3fe3DeE31cC404Aa4C8de6A6a3cbBcb60358FcB0",
    "decimals": "1e18",
    "poolId": 157,
    "chainId": 56,
    "lp0": {
      "address": "0x2170Ed0880ac9A755fd29B2688956BD959F933F8",
      "oracle": "tokens",
      "oracleId": "ETH",
      "decimals": "1e18"
    },
    "lp1": {
      "address": "0x250632378E573c6Be1AC2f97Fcdf00515d0Aa91B",
      "oracle": "tokens",
      "oracleId": "BETH",
      "decimals": "1e18"
    }
  },
  {
    "name": "auto-btcb-eth",
    "address": "0x577d005912C49B1679B4c21E334FdB650E92C077",
    "decimals": "1e18",
    "poolId": 133,
    "chainId": 56,
    "lp0": {
      "address": "0x2170Ed0880ac9A755fd29B2688956BD959F933F8",
      "oracle": "tokens",
      "oracleId": "ETH",
      "decimals": "1e18"
    },
    "lp1": {
      "address": "0x7130d2A12B9BCbFAe4f2634d864A1Ee1Ce3Ead9c",
      "oracle": "tokens",
      "oracleId": "BTCB",
      "decimals": "1e18"
    }
  },
  {
    "name": "auto-eth-usdt",
    "address": "0x0FB881c078434b1C0E4d0B64d8c64d12078b7Ce2",
    "decimals": "1e18",
    "poolId": 130,
    "chainId": 56,
    "lp0": {
      "address": "0x2170Ed0880ac9A755fd29B2688956BD959F933F8",
      "oracle": "tokens",
      "oracleId": "ETH",
      "decimals": "1e18"
    },
    "lp1": {
      "address": "0x55d398326f99059fF775485246999027B3197955",
      "oracle": "tokens",
      "oracleId": "USDT",
      "decimals": "1e18"
    }
  },
  {
    "name": "auto-btcb-usdt",
    "address": "0xda28Eb7ABa389C1Ea226A420bCE04Cb565Aafb85",
    "decimals": "1e18",
    "poolId": 129,
    "chainId": 56,
    "lp0": {
      "address": "0x55d398326f99059fF775485246999027B3197955",
      "oracle": "tokens",
      "oracleId": "USDT",
      "decimals": "1e18"
    },
    "lp1": {
      "address": "0x7130d2A12B9BCbFAe4f2634d864A1Ee1Ce3Ead9c",
      "oracle": "tokens",
      "oracleId": "BTCB",
      "decimals": "1e18"
    }
  },
  {
    "name": "auto-busd-usdt",
    "address": "0x62c1dEC1fF328DCdC157Ae0068Bb21aF3967aCd9",
    "decimals": "1e18",
    "poolId": 132,
    "chainId": 56,
    "lp0": {
      "address": "0x55d398326f99059fF775485246999027B3197955",
      "oracle": "tokens",
      "oracleId": "USDT",
      "decimals": "1e18"
    },
    "lp1": {
      "address": "0xe9e7CEA3DedcA5984780Bafc599bD69ADd087D56",
      "oracle": "tokens",
      "oracleId": "BUSD",
      "decimals": "1e18"
    }
  },
  {
    "name": "auto-comp-eth",
    "address": "0x0392957571F28037607C14832D16f8B653eDd472",
    "decimals": "1e18",
    "poolId": 45,
    "chainId": 56,
    "lp0": {
      "address": "0x2170Ed0880ac9A755fd29B2688956BD959F933F8",
      "oracle": "tokens",
      "oracleId": "ETH",
      "decimals": "1e18"
    },
    "lp1": {
      "address": "0x52CE071Bd9b1C4B00A0b92D298c512478CaD67e8",
      "oracle": "tokens",
      "oracleId": "COMP",
      "decimals": "1e18"
    }
  },
  {
    "name": "auto-ctk-bnb",
    "address": "0x7793870484647a7278907498ec504879d6971EAb",
    "decimals": "1e18",
    "poolId": 62,
    "chainId": 56,
    "lp0": {
      "address": "0xA8c2B8eec3d368C0253ad3dae65a5F2BBB89c929",
      "oracle": "tokens",
      "oracleId": "CTK",
      "decimals": "1e6"
    },
    "lp1": {
      "address": "0xbb4CdB9CBd36B01bD1cBaEBF2De08d9173bc095c",
      "oracle": "tokens",
      "oracleId": "WBNB",
      "decimals": "1e18"
    }
  },
  {
    "name": "auto-ust-busd",
    "address": "0xD1F12370b2ba1C79838337648F820a87eDF5e1e6",
    "decimals": "1e18",
    "poolId": 32,
    "chainId": 56,
    "lp0": {
      "address": "0x23396cF899Ca06c4472205fC903bDB4de249D6fC",
      "oracle": "tokens",
      "oracleId": "UST",
      "decimals": "1e18"
    },
    "lp1": {
      "address": "0xe9e7CEA3DedcA5984780Bafc599bD69ADd087D56",
      "oracle": "tokens",
      "oracleId": "BUSD",
      "decimals": "1e18"
    }
  },
  {
    "name": "auto-cake-bnb",
    "address": "0xA527a61703D82139F8a06Bc30097cC9CAA2df5A6",
    "decimals": "1e18",
    "poolId": 8,
    "chainId": 56,
    "lp0": {
      "address": "0x0E09FaBB73Bd3Ade0a17ECC321fD13a19e81cE82",
      "oracle": "tokens",
      "oracleId": "Cake",
      "decimals": "1e18"
    },
    "lp1": {
      "address": "0xbb4CdB9CBd36B01bD1cBaEBF2De08d9173bc095c",
      "oracle": "tokens",
      "oracleId": "WBNB",
      "decimals": "1e18"
    }
  },
  {
    "name": "auto-busd-bnb",
    "address": "0x1B96B92314C44b159149f7E0303511fB2Fc4774f",
    "decimals": "1e18",
    "poolId": 10,
    "chainId": 56,
    "lp0": {
      "address": "0xbb4CdB9CBd36B01bD1cBaEBF2De08d9173bc095c",
      "oracle": "tokens",
      "oracleId": "WBNB",
      "decimals": "1e18"
    },
    "lp1": {
      "address": "0xe9e7CEA3DedcA5984780Bafc599bD69ADd087D56",
      "oracle": "tokens",
      "oracleId": "BUSD",
      "decimals": "1e18"
    }
  },
  {
    "name": "auto-btc-bnb",
    "address": "0x7561EEe90e24F3b348E1087A005F78B4c8453524",
    "decimals": "1e18",
    "poolId": 11,
    "chainId": 56,
    "lp0": {
      "address": "0x7130d2A12B9BCbFAe4f2634d864A1Ee1Ce3Ead9c",
      "oracle": "tokens",
      "oracleId": "BTCB",
      "decimals": "1e18"
    },
    "lp1": {
      "address": "0xbb4CdB9CBd36B01bD1cBaEBF2De08d9173bc095c",
      "oracle": "tokens",
      "oracleId": "WBNB",
      "decimals": "1e18"
    }
  },
  {
    "name": "auto-beth-eth",
    "address": "0x99d865Ed50D2C32c1493896810FA386c1Ce81D91",
    "decimals": "1e18",
    "poolId": 44,
    "chainId": 56,
    "lp0": {
      "address": "0x2170Ed0880ac9A755fd29B2688956BD959F933F8",
      "oracle": "tokens",
      "oracleId": "ETH",
      "decimals": "1e18"
    },
    "lp1": {
      "address": "0x250632378E573c6Be1AC2f97Fcdf00515d0Aa91B",
      "oracle": "tokens",
      "oracleId": "BETH",
      "decimals": "1e18"
    }
  },
  {
    "name": "auto-auto-bnb",
    "address": "0x4d0228EBEB39f6d2f29bA528e2d15Fc9121Ead56",
    "decimals": "1e18",
    "poolId": 6,
    "chainId": 56,
    "lp0": {
      "address": "0xa184088a740c695E156F91f5cC086a06bb78b827",
      "oracle": "tokens",
      "oracleId": "AUTO",
      "decimals": "1e18"
    },
    "lp1": {
      "address": "0xbb4CdB9CBd36B01bD1cBaEBF2De08d9173bc095c",
      "oracle": "tokens",
      "oracleId": "WBNB",
      "decimals": "1e18"
    }
  }
]
