[
  {
    "name": "trisolaris-aurora-weth",
    "address": "0x5eeC60F348cB1D661E4A5122CF4638c7DB7A886e",
    "decimals": "1e18",
    "poolId": 6,
    "chainId": 1313161554,
    "lp0": {
      "address": "0x8BEc47865aDe3B172A928df8f990Bc7f2A3b9f79",
      "oracle": "tokens",
      "oracleId": "AURORA",
      "decimals": "1e18"
    },
    "lp1": {
      "address": "0xC9BdeEd33CD01541e1eeD10f90519d2C06Fe3feB",
      "oracle": "tokens",
      "oracleId": "WETH",
      "decimals": "1e18"
    }
  },
  {
    "name": "trisolaris-near-tri",
    "address": "0x84b123875F0F36B966d0B6Ca14b31121bd9676AD",
    "decimals": "1e18",
    "poolId": 5,
    "chainId": 1313161554,
    "lp0": {
      "address": "0xC42C30aC6Cc15faC9bD938618BcaA1a1FaE8501d",
      "oracle": "tokens",
      "oracleId": "NEAR",
      "decimals": "1e24"
    },
    "lp1": {
      "address": "0xFa94348467f64D5A457F75F8bc40495D33c65aBB",
      "oracle": "tokens",
      "oracleId": "TRI",
      "decimals": "1e18"
    }
  },
  {
    "name": "trisolaris-near-wbtc",
    "address": "0xbc8A244e8fb683ec1Fd6f88F3cc6E565082174Eb",
    "decimals": "1e18",
    "poolId": 4,
    "chainId": 1313161554,
    "lp0": {
      "address": "0xC42C30aC6Cc15faC9bD938618BcaA1a1FaE8501d",
      "oracle": "tokens",
      "oracleId": "NEAR",
      "decimals": "1e24"
    },
    "lp1": {
      "address": "0xF4eB217Ba2454613b15dBdea6e5f22276410e89e",
      "oracle": "tokens",
      "oracleId": "WBTC",
      "decimals": "1e8"
    }
  },
  {
    "name": "trisolaris-usdt-usdc",
    "address": "0x2fe064B6c7D274082aa5d2624709bC9AE7D16C77",
    "decimals": "1e18",
    "poolId": 3,
    "chainId": 1313161554,
    "lp0": {
      "address": "0x4988a896b1227218e4A686fdE5EabdcAbd91571f",
      "oracle": "tokens",
      "oracleId": "USDT",
      "decimals": "1e6"
    },
    "lp1": {
      "address": "0xB12BFcA5A55806AaF64E99521918A4bf0fC40802",
      "oracle": "tokens",
      "oracleId": "USDC",
      "decimals": "1e6"
    }
  },
  {
    "name": "trisolaris-usdt-near",
    "address": "0x03B666f3488a7992b2385B12dF7f35156d7b29cD",
    "decimals": "1e18",
    "poolId": 2,
    "chainId": 1313161554,
    "lp0": {
      "address": "0x4988a896b1227218e4A686fdE5EabdcAbd91571f",
      "oracle": "tokens",
      "oracleId": "USDT",
      "decimals": "1e6"
    },
    "lp1": {
      "address": "0xC42C30aC6Cc15faC9bD938618BcaA1a1FaE8501d",
      "oracle": "tokens",
      "oracleId": "NEAR",
      "decimals": "1e24"
    }
  },
  {
    "name": "trisolaris-usdc-near",
    "address": "0x20F8AeFB5697B77E0BB835A8518BE70775cdA1b0",
    "decimals": "1e18",
    "poolId": 1,
    "chainId": 1313161554,
    "lp0": {
      "address": "0xB12BFcA5A55806AaF64E99521918A4bf0fC40802",
      "oracle": "tokens",
      "oracleId": "USDC",
      "decimals": "1e6"
    },
    "lp1": {
      "address": "0xC42C30aC6Cc15faC9bD938618BcaA1a1FaE8501d",
      "oracle": "tokens",
      "oracleId": "NEAR",
      "decimals": "1e24"
    }
  },
  {
    "name": "trisolaris-near-weth",
    "address": "0x63da4DB6Ef4e7C62168aB03982399F9588fCd198",
    "decimals": "1e18",
    "poolId": 0,
    "chainId": 1313161554,
    "lp0": {
      "address": "0xC42C30aC6Cc15faC9bD938618BcaA1a1FaE8501d",
      "oracle": "tokens",
      "oracleId": "NEAR",
      "decimals": "1e24"
    },
    "lp1": {
      "address": "0xC9BdeEd33CD01541e1eeD10f90519d2C06Fe3feB",
      "oracle": "tokens",
      "oracleId": "WETH",
      "decimals": "1e18"
    }
  }
]
