[
  {
    "inputs": [
      {
        "internalType": "address",
        "name": "asset",
        "type": "address"
      }
    ],
    "name": "assets",
    "outputs": [
      {
        "internalType": "uint128",
        "name": "emissionPerSecond",
        "type": "uint128"
      },
      {
        "internalType": "uint128",
        "name": "lastUpdateTimestamp",
        "type": "uint128"
      },
      {
        "internalType": "uint256",
        "name": "index",
        "type": "uint256"
      }
    ],
    "stateMutability": "view",
    "type": "function"
  },
  {
    "inputs": [
      {
        "internalType": "address[]",
        "name": "assets",
        "type": "address[]"
      },
      {
        "internalType": "address",
        "name": "user",
        "type": "address"
      }
    ],
    "name": "getRewardsBalance",
    "outputs": [
      {
        "internalType": "uint256",
        "name": "",
        "type": "uint256"
      }
    ],
    "stateMutability": "view",
    "type": "function"
  }
]
