[
  {
    "name": "sushi-arb-magic-weth",
    "address": "0xB7E50106A5bd3Cf21AF210A755F9C8740890A8c9",
    "decimals": "1e18",
    "poolId": 13,
    "chainId": 42161,
    "lp0": {
      "address": "0x539bdE0d7Dbd336b79148AA742883198BBF60342",
      "oracle": "tokens",
      "oracleId": "MAGIC",
      "decimals": "1e18"
    },
    "lp1": {
      "address": "0x82aF49447D8a07e3bd95BD0d56f35241523fBab1",
      "oracle": "tokens",
      "oracleId": "ETH",
      "decimals": "1e18"
    }
  },
  {
    "name": "sushi-arb-weth-bifi",
    "address": "0xcda9b8e5867b5746755fe6e505b6300a76b2fac3",
    "decimals": "1e18",
    "poolId": 4,
    "chainId": 42161,
    "lp0": {
      "address": "0x82aF49447D8a07e3bd95BD0d56f35241523fBab1",
      "oracle": "tokens",
      "oracleId": "ETH",
      "decimals": "1e18"
    },
    "lp1": {
      "address": "0x99c409e5f62e4bd2ac142f17cafb6810b8f0baae",
      "oracle": "tokens",
      "oracleId": "BIFI",
      "decimals": "1e18"
    }
  },
  {
    "name": "sushi-arb-weth-usdt",
    "address": "0xCB0E5bFa72bBb4d16AB5aA0c60601c438F04b4ad",
    "decimals": "1e18",
    "poolId": 4,
    "chainId": 42161,
    "lp0": {
      "address": "0x82aF49447D8a07e3bd95BD0d56f35241523fBab1",
      "oracle": "tokens",
      "oracleId": "ETH",
      "decimals": "1e18"
    },
    "lp1": {
      "address": "0xFd086bC7CD5C481DCC9C85ebE478A1C0b69FCbb9",
      "oracle": "tokens",
      "oracleId": "USDT",
      "decimals": "1e6"
    }
  },
  {
    "name": "sushi-arb-wbtc-weth",
    "address": "0x515e252b2b5c22b4b2b6Df66c2eBeeA871AA4d69",
    "decimals": "1e18",
    "poolId": 3,
    "chainId": 42161,
    "lp0": {
      "address": "0x2f2a2543B76A4166549F7aaB2e75Bef0aefC5B0f",
      "oracle": "tokens",
      "oracleId": "WBTC",
      "decimals": "1e8"
    },
    "lp1": {
      "address": "0x82aF49447D8a07e3bd95BD0d56f35241523fBab1",
      "oracle": "tokens",
      "oracleId": "ETH",
      "decimals": "1e18"
    }
  },
  {
    "name": "sushi-arb-weth-link",
    "address": "0x7050A8908E2a60899D8788015148241f0993a3FD",
    "decimals": "1e18",
    "poolId": 1,
    "chainId": 42161,
    "lp0": {
      "address": "0x82aF49447D8a07e3bd95BD0d56f35241523fBab1",
      "oracle": "tokens",
      "oracleId": "ETH",
      "decimals": "1e18"
    },
    "lp1": {
      "address": "0xf97f4df75117a78c1A5a0DBb814Af92458539FB4",
      "oracle": "tokens",
      "oracleId": "LINK",
      "decimals": "1e18"
    }
  },
  {
    "name": "sushi-arb-sushi-eth",
    "address": "0x3221022e37029923ace4235d812273c5a42c322d",
    "decimals": "1e18",
    "poolId": 2,
    "chainId": 42161,
    "lp0": {
      "address": "0x82aF49447D8a07e3bd95BD0d56f35241523fBab1",
      "oracle": "tokens",
      "oracleId": "ETH",
      "decimals": "1e18"
    },
    "lp1": {
      "address": "0xd4d42f0b6def4ce0383636770ef773390d85c61a",
      "oracle": "tokens",
      "oracleId": "SUSHI",
      "decimals": "1e18"
    }
  },
  {
    "name": "sushi-arb-eth-usdc",
    "address": "0x905dfCD5649217c42684f23958568e533C711Aa3",
    "decimals": "1e18",
    "poolId": 0,
    "chainId": 42161,
    "lp0": {
      "address": "0x82aF49447D8a07e3bd95BD0d56f35241523fBab1",
      "oracle": "tokens",
      "oracleId": "ETH",
      "decimals": "1e18"
    },
    "lp1": {
      "address": "0xFF970A61A04b1cA14834A43f5dE4533eBDDB5CC8",
      "oracle": "tokens",
      "oracleId": "USDC",
      "decimals": "1e6"
    }
  }
]
