[
  {
    "name": "com-png-avax",
    "address": "0xEcee953e187d9e82D57bAedAaEF1e56E5283f5C3",
    "decimals": "1e18",
    "poolId": 4,
    "chainId": 43114,
    "lp0": {
      "address": "0x60781C2586D68229fde47564546784ab3fACA982",
      "oracle": "tokens",
      "oracleId": "PNG",
      "decimals": "1e18"
    },
    "lp1": {
      "address": "0xB31f66AA3C1e785363F0875A1B74E27b85FD66c7",
      "oracle": "tokens",
      "oracleId": "AVAX",
      "decimals": "1e18"
    }
  },
  {
    "name": "com-eth-avax",
    "address": "0x0CA373D27CE17C4804D108afEee0A77EfEb33775",
    "decimals": "1e18",
    "poolId": 1,
    "chainId": 43114,
    "lp0": {
      "address": "0xB31f66AA3C1e785363F0875A1B74E27b85FD66c7",
      "oracle": "tokens",
      "oracleId": "AVAX",
      "decimals": "1e18"
    },
    "lp1": {
      "address": "0xf20d962a6c8f70c731bd838a3a388D7d48fA6e15",
      "oracle": "tokens",
      "oracleId": "ETH",
      "decimals": "1e18"
    }
  },
  {
    "name": "com-dai-avax",
    "address": "0x7583a59a50d761E491d0c9393cA5214dbB613806",
    "decimals": "1e18",
    "poolId": 2,
    "chainId": 43114,
    "lp0": {
      "address": "0xB31f66AA3C1e785363F0875A1B74E27b85FD66c7",
      "oracle": "tokens",
      "oracleId": "AVAX",
      "decimals": "1e18"
    },
    "lp1": {
      "address": "0xbA7dEebBFC5fA1100Fb055a87773e1E99Cd3507a",
      "oracle": "tokens",
      "oracleId": "DAI",
      "decimals": "1e18"
    }
  },
  {
    "name": "com-usdt-avax",
    "address": "0xe64bfAe83BA234aB85BceF5B7A92427E29b3AA11",
    "decimals": "1e18",
    "poolId": 0,
    "chainId": 43114,
    "lp0": {
      "address": "0xB31f66AA3C1e785363F0875A1B74E27b85FD66c7",
      "oracle": "tokens",
      "oracleId": "AVAX",
      "decimals": "1e18"
    },
    "lp1": {
      "address": "0xde3A24028580884448a5397872046a019649b084",
      "oracle": "tokens",
      "oracleId": "USDT",
      "decimals": "1e6"
    }
  },
  {
    "name": "com-com-avax",
    "address": "0xF0ED25fD26E0b64C86c6c78b661F2ef283E9B6FF",
    "decimals": "1e18",
    "poolId": 5,
    "chainId": 43114,
    "lp0": {
      "address": "0x3711c397B6c8F7173391361e27e67d72F252cAad",
      "oracle": "tokens",
      "oracleId": "COM",
      "decimals": "1e18"
    },
    "lp1": {
      "address": "0xB31f66AA3C1e785363F0875A1B74E27b85FD66c7",
      "oracle": "tokens",
      "oracleId": "AVAX",
      "decimals": "1e18"
    }
  }
]
