[
  {
    "name": "gondola-gdl-zero",
    "address": "0x158EDe7F02475AA067Fa35F4FF26c6cd86129429",
    "decimals": "1e18",
    "poolId": 10,
    "chainId": 43114,
    "lp0": {
      "address": "0x008E26068B3EB40B443d3Ea88c1fF99B789c10F7",
      "oracle": "tokens",
      "oracleId": "ZERO",
      "decimals": "1e18"
    },
    "lp1": {
      "address": "0xD606199557c8Ab6F4Cc70bD03FaCc96ca576f142",
      "oracle": "tokens",
      "oracleId": "GDL",
      "decimals": "1e18"
    }
  },
  {
    "name": "gondola-gdl-avax",
    "address": "0xc5AB0C94Bc88b98f55f4e21C1474F67ab2329CFD",
    "decimals": "1e18",
    "poolId": 12,
    "chainId": 43114,
    "lp0": {
      "address": "0xB31f66AA3C1e785363F0875A1B74E27b85FD66c7",
      "oracle": "tokens",
      "oracleId": "AVAX",
      "decimals": "1e18"
    },
    "lp1": {
      "address": "0xD606199557c8Ab6F4Cc70bD03FaCc96ca576f142",
      "oracle": "tokens",
      "oracleId": "GDL",
      "decimals": "1e18"
    }
  }
]
