[
  {
    "name": "lyd-lyd-avax",
    "address": "0xFba4EdaAd3248B03f1a3261ad06Ad846A8e50765",
    "decimals": "1e18",
    "poolId": 4,
    "chainId": 43114,
    "lp0": {
      "address": "0x4C9B4E1AC6F24CdE3660D5E4Ef1eBF77C710C084",
      "oracle": "tokens",
      "oracleId": "LYD",
      "decimals": "1e18"
    },
    "lp1": {
      "address": "0xB31f66AA3C1e785363F0875A1B74E27b85FD66c7",
      "oracle": "tokens",
      "oracleId": "AVAX",
      "decimals": "1e18"
    }
  },
  {
    "name": "lyd-lyd-usdt",
    "address": "0x752C59f22fAAA861108649F4596034796C69bC3f",
    "decimals": "1e18",
    "poolId": 3,
    "chainId": 43114,
    "lp0": {
      "address": "0x4C9B4E1AC6F24CdE3660D5E4Ef1eBF77C710C084",
      "oracle": "tokens",
      "oracleId": "LYD",
      "decimals": "1e18"
    },
    "lp1": {
      "address": "0xde3A24028580884448a5397872046a019649b084",
      "oracle": "tokens",
      "oracleId": "USDT",
      "decimals": "1e6"
    }
  }
]
