[
  {
    "name": "olive-busd.e-usdt.e",
    "address": "0x9e4562cac6b91f5154a42e6270f2ea58a4149b3e",
    "decimals": "1e18",
    "poolId": 42,
    "chainId": 43114,
    "lp0": {
      "address": "0x19860CCB0A68fd4213aB9D8266F7bBf05A8dDe98",
      "oracle": "tokens",
      "oracleId": "BUSD.e",
      "decimals": "1e18"
    },
    "lp1": {
      "address": "0xc7198437980c041c805A1EDcbA50c1Ce5db95118",
      "oracle": "tokens",
      "oracleId": "USDT.e",
      "decimals": "1e6"
    }
  },
  {
    "name": "olive-dai.e-usdt.e",
    "address": "0x4758441C1F5d067839776456033f6cd0EB9fb3d3",
    "decimals": "1e18",
    "poolId": 41,
    "chainId": 43114,
    "lp0": {
      "address": "0xd586E7F844cEa2F87f50152665BCbc2C279D8d70",
      "oracle": "tokens",
      "oracleId": "DAI.e",
      "decimals": "1e18"
    },
    "lp1": {
      "address": "0xc7198437980c041c805A1EDcbA50c1Ce5db95118",
      "oracle": "tokens",
      "oracleId": "USDT.e",
      "decimals": "1e6"
    }
  },
  {
    "name": "olive-olive-usdt",
    "address": "0xF54a719215622f602FCA5BF5a6509734C3574a4c",
    "decimals": "1e18",
    "poolId": 9,
    "chainId": 43114,
    "lp0": {
      "address": "0x617724974218A18769020A70162165A539c07E8a",
      "oracle": "tokens",
      "oracleId": "OLIVE",
      "decimals": "1e18"
    },
    "lp1": {
      "address": "0xde3A24028580884448a5397872046a019649b084",
      "oracle": "tokens",
      "oracleId": "USDT",
      "decimals": "1e6"
    }
  },
  {
    "name": "olive-olive-avax",
    "address": "0x57cc32Cd7F5a531953E9af25e1C9394093428082",
    "decimals": "1e18",
    "poolId": 8,
    "chainId": 43114,
    "lp0": {
      "address": "0x617724974218A18769020A70162165A539c07E8a",
      "oracle": "tokens",
      "oracleId": "OLIVE",
      "decimals": "1e18"
    },
    "lp1": {
      "address": "0xB31f66AA3C1e785363F0875A1B74E27b85FD66c7",
      "oracle": "tokens",
      "oracleId": "AVAX",
      "decimals": "1e18"
    }
  }
]
