[
  {
    "name": "pangolin-usdc.e-wavax",
    "address": "0xbd918Ed441767fe7924e99F6a0E0B568ac1970D9",
    "rewardPool": "0x84b536da1a2d9b0609f9da73139674cc2d75af2d",
    "decimals": "1e18",
    "chainId": 43114,
    "lp0": {
      "address": "0xA7D7079b0FEaD91F3e65f86E8915Cb59c1a4C664",
      "oracle": "tokens",
      "oracleId": "USDC.e",
      "decimals": "1e6"
    },
    "lp1": {
      "address": "0xB31f66AA3C1e785363F0875A1B74E27b85FD66c7",
      "oracle": "tokens",
      "oracleId": "AVAX",
      "decimals": "1e18"
    }
  },
  {
    "name": "pangolin-png-qi",
    "address": "0x50E7e19281a80E3C24a07016eDB87EbA9fe8C6cA",
    "rewardPool": "0x2bd42c357a3e13f18849c67e8dc108cc8462ae33",
    "decimals": "1e18",
    "chainId": 43114,
    "lp0": {
      "address": "0x60781C2586D68229fde47564546784ab3fACA982",
      "oracle": "tokens",
      "oracleId": "PNG",
      "decimals": "1e18"
    },
    "lp1": {
      "address": "0x8729438EB15e2C8B576fCc6AeCdA6A148776C0F5",
      "oracle": "tokens",
      "oracleId": "aQI",
      "decimals": "1e18"
    }
  },
  {
    "name": "pangolin-qi-wavax",
    "address": "0xE530dC2095Ef5653205CF5ea79F8979a7028065c",
    "rewardPool": "0xed472431e02ea9ef8cc99b9812c335ac0873bba2",
    "decimals": "1e18",
    "chainId": 43114,
    "lp0": {
      "address": "0x8729438EB15e2C8B576fCc6AeCdA6A148776C0F5",
      "oracle": "tokens",
      "oracleId": "aQI",
      "decimals": "1e18"
    },
    "lp1": {
      "address": "0xB31f66AA3C1e785363F0875A1B74E27b85FD66c7",
      "oracle": "tokens",
      "oracleId": "AVAX",
      "decimals": "1e18"
    }
  },
  {
    "name": "pangolin-uni.e-wavax",
    "address": "0x99dD520748eB0355c69DAE2692E4615C8Ab031ce",
    "rewardPool": "0x6e36a71c1a211f01ff848c1319d4e34bb5483224",
    "decimals": "1e18",
    "chainId": 43114,
    "lp0": {
      "address": "0x8eBAf22B6F053dFFeaf46f4Dd9eFA95D89ba8580",
      "oracle": "tokens",
      "oracleId": "UNI.e",
      "decimals": "1e18"
    },
    "lp1": {
      "address": "0xB31f66AA3C1e785363F0875A1B74E27b85FD66c7",
      "oracle": "tokens",
      "oracleId": "AVAX",
      "decimals": "1e18"
    }
  },
  {
    "name": "pangolin-yfi.e-wavax",
    "address": "0x9a634CE657681200B8c5fb3Fa1aC59Eb0662f45C",
    "rewardPool": "0x642c5b7ac22f56a0ef87930a89f0980fca904b03",
    "decimals": "1e18",
    "chainId": 43114,
    "lp0": {
      "address": "0x9eAaC1B23d935365bD7b542Fe22cEEe2922f52dc",
      "oracle": "tokens",
      "oracleId": "YFI.e",
      "decimals": "1e18"
    },
    "lp1": {
      "address": "0xB31f66AA3C1e785363F0875A1B74E27b85FD66c7",
      "oracle": "tokens",
      "oracleId": "AVAX",
      "decimals": "1e18"
    }
  },
  {
    "name": "pangolin-aave.e-wavax",
    "address": "0x5944f135e4F1E3fA2E5550d4B5170783868cc4fE",
    "rewardPool": "0xa04fcce7955312709c838982ad0e297375002c32",
    "decimals": "1e18",
    "chainId": 43114,
    "lp0": {
      "address": "0x63a72806098Bd3D9520cC43356dD78afe5D386D9",
      "oracle": "tokens",
      "oracleId": "AAVE.e",
      "decimals": "1e18"
    },
    "lp1": {
      "address": "0xB31f66AA3C1e785363F0875A1B74E27b85FD66c7",
      "oracle": "tokens",
      "oracleId": "AVAX",
      "decimals": "1e18"
    }
  },
  {
    "name": "pangolin-sushi.e-wavax",
    "address": "0xF62381AFFdfd27Dba91A1Ea2aCf57d426E28c341",
    "rewardPool": "0x2d55341f2abbb5472020e2d556a4f6b951c8fa22",
    "decimals": "1e18",
    "chainId": 43114,
    "lp0": {
      "address": "0x37B608519F91f70F2EeB0e5Ed9AF4061722e4F76",
      "oracle": "tokens",
      "oracleId": "SUSHI.e",
      "decimals": "1e18"
    },
    "lp1": {
      "address": "0xB31f66AA3C1e785363F0875A1B74E27b85FD66c7",
      "oracle": "tokens",
      "oracleId": "AVAX",
      "decimals": "1e18"
    }
  },
  {
    "name": "pangolin-png-usdt.e",
    "address": "0x1fFB6ffC629f5D820DCf578409c2d26A2998a140",
    "rewardPool": "0x7216d1e173c1f1ed990239d5c77d74714a837cd5",
    "decimals": "1e18",
    "chainId": 43114,
    "lp0": {
      "address": "0x60781C2586D68229fde47564546784ab3fACA982",
      "oracle": "tokens",
      "oracleId": "PNG",
      "decimals": "1e18"
    },
    "lp1": {
      "address": "0xc7198437980c041c805A1EDcbA50c1Ce5db95118",
      "oracle": "tokens",
      "oracleId": "USDT.e",
      "decimals": "1e6"
    }
  },
  {
    "name": "pangolin-weth.e-png",
    "address": "0xcf35400A595EFCF0Af591D3Aeb5a35cBCD120d54",
    "rewardPool": "0x03a9091620cacee4968c915232b175c16a584733",
    "decimals": "1e18",
    "chainId": 43114,
    "lp0": {
      "address": "0x49D5c2BdFfac6CE2BFdB6640F4F80f226bc10bAB",
      "oracle": "tokens",
      "oracleId": "WETH.e",
      "decimals": "1e18"
    },
    "lp1": {
      "address": "0x60781C2586D68229fde47564546784ab3fACA982",
      "oracle": "tokens",
      "oracleId": "PNG",
      "decimals": "1e18"
    }
  },
  {
    "name": "pangolin-wbtc.e-png",
    "address": "0xf277e270bc7664E6EBba19620530b83883748a13",
    "rewardPool": "0xeeea1e815f12d344b5035a33da4bc383365f5fee",
    "decimals": "1e18",
    "chainId": 43114,
    "lp0": {
      "address": "0x50b7545627a5162F82A992c33b87aDc75187B218",
      "oracle": "tokens",
      "oracleId": "WBTC.e",
      "decimals": "1e8"
    },
    "lp1": {
      "address": "0x60781C2586D68229fde47564546784ab3fACA982",
      "oracle": "tokens",
      "oracleId": "PNG",
      "decimals": "1e18"
    }
  },
  {
    "name": "pangolin-wavax-dai.e",
    "address": "0xbA09679Ab223C6bdaf44D45Ba2d7279959289AB0",
    "rewardPool": "0x63a84f66b8c90841cb930f2dc3d28799f0c6657b",
    "decimals": "1e18",
    "chainId": 43114,
    "lp0": {
      "address": "0xB31f66AA3C1e785363F0875A1B74E27b85FD66c7",
      "oracle": "tokens",
      "oracleId": "AVAX",
      "decimals": "1e18"
    },
    "lp1": {
      "address": "0xd586E7F844cEa2F87f50152665BCbc2C279D8d70",
      "oracle": "tokens",
      "oracleId": "DAI.e",
      "decimals": "1e18"
    }
  },
  {
    "name": "pangolin-link.e-wavax",
    "address": "0x5875c368Cddd5FB9Bf2f410666ca5aad236DAbD4",
    "rewardPool": "0x2e10d9d08f76807efdb6903025de8e006b1185f5",
    "decimals": "1e18",
    "chainId": 43114,
    "lp0": {
      "address": "0x5947BB275c521040051D82396192181b413227A3",
      "oracle": "tokens",
      "oracleId": "LINK.e",
      "decimals": "1e18"
    },
    "lp1": {
      "address": "0xB31f66AA3C1e785363F0875A1B74E27b85FD66c7",
      "oracle": "tokens",
      "oracleId": "AVAX",
      "decimals": "1e18"
    }
  },
  {
    "name": "pangolin-wavax-xava",
    "address": "0x42152bDD72dE8d6767FE3B4E17a221D6985E8B25",
    "rewardPool": "0x4219330af5368378d5ffd869a55f5f2a26ab898c",
    "decimals": "1e18",
    "chainId": 43114,
    "lp0": {
      "address": "0xB31f66AA3C1e785363F0875A1B74E27b85FD66c7",
      "oracle": "tokens",
      "oracleId": "AVAX",
      "decimals": "1e18"
    },
    "lp1": {
      "address": "0xd1c3f94DE7e5B45fa4eDBBA472491a9f4B166FC4",
      "oracle": "tokens",
      "oracleId": "XAVA",
      "decimals": "1e18"
    }
  },
  {
    "name": "pangolin-weth.e-wavax",
    "address": "0x7c05d54fc5CB6e4Ad87c6f5db3b807C94bB89c52",
    "rewardPool": "0x830a966b9b447c9b15ab24c0369c4018e75f31c9",
    "decimals": "1e18",
    "chainId": 43114,
    "lp0": {
      "address": "0x49D5c2BdFfac6CE2BFdB6640F4F80f226bc10bAB",
      "oracle": "tokens",
      "oracleId": "WETH.e",
      "decimals": "1e18"
    },
    "lp1": {
      "address": "0xB31f66AA3C1e785363F0875A1B74E27b85FD66c7",
      "oracle": "tokens",
      "oracleId": "AVAX",
      "decimals": "1e18"
    }
  },
  {
    "name": "pangolin-wavax-usdt.e",
    "address": "0xe28984e1EE8D431346D32BeC9Ec800Efb643eef4",
    "rewardPool": "0x006cc053bdb84c2d6380b3c4a573d84636378a47",
    "decimals": "1e18",
    "chainId": 43114,
    "lp0": {
      "address": "0xB31f66AA3C1e785363F0875A1B74E27b85FD66c7",
      "oracle": "tokens",
      "oracleId": "AVAX",
      "decimals": "1e18"
    },
    "lp1": {
      "address": "0xc7198437980c041c805A1EDcbA50c1Ce5db95118",
      "oracle": "tokens",
      "oracleId": "USDT.e",
      "decimals": "1e6"
    }
  },
  {
    "name": "pangolin-wbtc.e-wavax",
    "address": "0x5764b8D8039C6E32f1e5d8DE8Da05DdF974EF5D3",
    "rewardPool": "0x30cbf11f6fcc9fc1bf6e55a6941b1a47a56eaec5",
    "decimals": "1e18",
    "chainId": 43114,
    "lp0": {
      "address": "0x50b7545627a5162F82A992c33b87aDc75187B218",
      "oracle": "tokens",
      "oracleId": "WBTC.e",
      "decimals": "1e8"
    },
    "lp1": {
      "address": "0xB31f66AA3C1e785363F0875A1B74E27b85FD66c7",
      "oracle": "tokens",
      "oracleId": "AVAX",
      "decimals": "1e18"
    }
  },
  {
    "name": "png-bifi-avax",
    "address": "0xaace68f9c8506610929d76a0729c7c24603641fc",
    "decimals": "1e18",
    "poolId": 0,
    "rewardPool": "0x4e258f7ec60234bb6f3ea7ecff5931901182bd6e",
    "chainId": 43114,
    "lp0": {
      "address": "0xb31f66aa3c1e785363f0875a1b74e27b85fd66c7",
      "oracle": "tokens",
      "oracleId": "AVAX",
      "decimals": "1e18"
    },
    "lp1": {
      "address": "0xd6070ae98b8069de6b494332d1a1a81b6179d960",
      "oracle": "tokens",
      "oracleId": "BIFI",
      "decimals": "1e18"
    }
  },
  {
    "name": "png-bnb-avax",
    "address": "0xf776ef63c2e7a81d03e2c67673fd5dcf53231a3f",
    "decimals": "1e18",
    "poolId": 0,
    "rewardPool": "0x21cca1672e95996413046077b8cf1e52f080a165",
    "chainId": 43114,
    "lp0": {
      "address": "0x264c1383ea520f73dd837f915ef3a732e204a493",
      "oracle": "tokens",
      "oracleId": "aBNB",
      "decimals": "1e18"
    },
    "lp1": {
      "address": "0xb31f66aa3c1e785363f0875a1b74e27b85fd66c7",
      "oracle": "tokens",
      "oracleId": "AVAX",
      "decimals": "1e18"
    }
  },
  {
    "name": "png-bnb-png",
    "address": "0x76BC30aCdC88b2aD2e8A5377e59ed88c7f9287f9",
    "decimals": "1e18",
    "poolId": 0,
    "rewardPool": "0x68a90C38bF4f90AC2a870d6FcA5b0A5A218763AD",
    "chainId": 43114,
    "lp0": {
      "address": "0x264c1383ea520f73dd837f915ef3a732e204a493",
      "oracle": "tokens",
      "oracleId": "aBNB",
      "decimals": "1e18"
    },
    "lp1": {
      "address": "0x60781C2586D68229fde47564546784ab3fACA982",
      "oracle": "tokens",
      "oracleId": "PNG",
      "decimals": "1e18"
    }
  },
  {
    "name": "png-bifi-png",
    "address": "0x7d1f298d41a03eda3ad9cbb06ca061ba60b4bdae",
    "decimals": "1e18",
    "poolId": 0,
    "rewardPool": "0x518b07e2d9e08a8c2e3cb7704336520827a4d399",
    "chainId": 43114,
    "lp0": {
      "address": "0x60781C2586D68229fde47564546784ab3fACA982",
      "oracle": "tokens",
      "oracleId": "PNG",
      "decimals": "1e18"
    },
    "lp1": {
      "address": "0xd6070ae98b8069de6b494332d1a1a81b6179d960",
      "oracle": "tokens",
      "oracleId": "BIFI",
      "decimals": "1e18"
    }
  },
  {
    "name": "png-uni-png",
    "address": "0x874685bc6794c8b4bEFBD037147C2eEF990761A9",
    "decimals": "1e18",
    "poolId": 0,
    "rewardPool": "0x4f74bbf6859a994e7c309ea0f11e3cc112955110",
    "chainId": 43114,
    "lp0": {
      "address": "0x60781C2586D68229fde47564546784ab3fACA982",
      "oracle": "tokens",
      "oracleId": "PNG",
      "decimals": "1e18"
    },
    "lp1": {
      "address": "0xf39f9671906d8630812f9d9863bBEf5D523c84Ab",
      "oracle": "tokens",
      "oracleId": "UNIo",
      "decimals": "1e18"
    }
  },
  {
    "name": "png-sushi-png",
    "address": "0xF105fb50fC6DdD8a857bbEcd296c8a630E8ca857",
    "decimals": "1e18",
    "poolId": 0,
    "rewardPool": "0x633f4b4db7dd4fa066bd9949ab627a551e0ecd32",
    "chainId": 43114,
    "lp0": {
      "address": "0x39cf1BD5f15fb22eC3D9Ff86b0727aFc203427cc",
      "oracle": "tokens",
      "oracleId": "SUSHIo",
      "decimals": "1e18"
    },
    "lp1": {
      "address": "0x60781C2586D68229fde47564546784ab3fACA982",
      "oracle": "tokens",
      "oracleId": "PNG",
      "decimals": "1e18"
    }
  },
  {
    "name": "png-dai-png",
    "address": "0xD765B31399985f411A9667330764f62153b42C76",
    "decimals": "1e18",
    "poolId": 0,
    "rewardPool": "0xe3103e565cf96a5709ae8e603b1efb7fed04613b",
    "chainId": 43114,
    "lp0": {
      "address": "0x60781C2586D68229fde47564546784ab3fACA982",
      "oracle": "tokens",
      "oracleId": "PNG",
      "decimals": "1e18"
    },
    "lp1": {
      "address": "0xbA7dEebBFC5fA1100Fb055a87773e1E99Cd3507a",
      "oracle": "tokens",
      "oracleId": "DAIo",
      "decimals": "1e18"
    }
  },
  {
    "name": "png-link-png",
    "address": "0x7313835802C6e8CA2A6327E6478747B71440F7a4",
    "decimals": "1e18",
    "poolId": 0,
    "rewardPool": "0x6356b24b36074abe2903f44fe4019bc5864fde36",
    "chainId": 43114,
    "lp0": {
      "address": "0x60781C2586D68229fde47564546784ab3fACA982",
      "oracle": "tokens",
      "oracleId": "PNG",
      "decimals": "1e18"
    },
    "lp1": {
      "address": "0xB3fe5374F67D7a22886A0eE082b2E2f9d2651651",
      "oracle": "tokens",
      "oracleId": "LINKo",
      "decimals": "1e18"
    }
  },
  {
    "name": "png-wbtc-png",
    "address": "0xf372ceAE6B2F4A2C4A6c0550044A7eab914405ea",
    "decimals": "1e18",
    "poolId": 0,
    "rewardPool": "0x681047473b6145ba5db90b074e32861549e85cc7",
    "chainId": 43114,
    "lp0": {
      "address": "0x408D4cD0ADb7ceBd1F1A1C33A0Ba2098E1295bAB",
      "oracle": "tokens",
      "oracleId": "WBTCo",
      "decimals": "1e8"
    },
    "lp1": {
      "address": "0x60781C2586D68229fde47564546784ab3fACA982",
      "oracle": "tokens",
      "oracleId": "PNG",
      "decimals": "1e18"
    }
  },
  {
    "name": "png-eth-png",
    "address": "0x53B37b9A6631C462d74D65d61e1c056ea9dAa637",
    "decimals": "1e18",
    "poolId": 0,
    "rewardPool": "0x7ac007afb5d61f48d1e3c8cc130d4cf6b765000e",
    "chainId": 43114,
    "lp0": {
      "address": "0x60781C2586D68229fde47564546784ab3fACA982",
      "oracle": "tokens",
      "oracleId": "PNG",
      "decimals": "1e18"
    },
    "lp1": {
      "address": "0xf20d962a6c8f70c731bd838a3a388D7d48fA6e15",
      "oracle": "tokens",
      "oracleId": "ETHo",
      "decimals": "1e18"
    }
  },
  {
    "name": "png-wbtc-avax",
    "address": "0x7a6131110B82dAcBb5872C7D352BfE071eA6A17C",
    "decimals": "1e18",
    "poolId": 0,
    "rewardPool": "0xe968E9753fd2c323C2Fe94caFF954a48aFc18546",
    "chainId": 43114,
    "lp0": {
      "address": "0x408D4cD0ADb7ceBd1F1A1C33A0Ba2098E1295bAB",
      "oracle": "tokens",
      "oracleId": "WBTCo",
      "decimals": "1e8"
    },
    "lp1": {
      "address": "0xB31f66AA3C1e785363F0875A1B74E27b85FD66c7",
      "oracle": "tokens",
      "oracleId": "AVAX",
      "decimals": "1e18"
    }
  },
  {
    "name": "png-link-avax",
    "address": "0xbbC7fFF833D27264AaC8806389E02F717A5506c9",
    "decimals": "1e18",
    "poolId": 0,
    "rewardPool": "0xBDa623cDD04d822616A263BF4EdbBCe0B7DC4AE7",
    "chainId": 43114,
    "lp0": {
      "address": "0xB31f66AA3C1e785363F0875A1B74E27b85FD66c7",
      "oracle": "tokens",
      "oracleId": "AVAX",
      "decimals": "1e18"
    },
    "lp1": {
      "address": "0xB3fe5374F67D7a22886A0eE082b2E2f9d2651651",
      "oracle": "tokens",
      "oracleId": "LINKo",
      "decimals": "1e18"
    }
  },
  {
    "name": "png-sushi-avax",
    "address": "0xd8B262C0676E13100B33590F10564b46eeF652AD",
    "decimals": "1e18",
    "poolId": 0,
    "rewardPool": "0xDA354352b03f87F84315eEF20cdD83c49f7E812e",
    "chainId": 43114,
    "lp0": {
      "address": "0x39cf1BD5f15fb22eC3D9Ff86b0727aFc203427cc",
      "oracle": "tokens",
      "oracleId": "SUSHIo",
      "decimals": "1e18"
    },
    "lp1": {
      "address": "0xB31f66AA3C1e785363F0875A1B74E27b85FD66c7",
      "oracle": "tokens",
      "oracleId": "AVAX",
      "decimals": "1e18"
    }
  },
  {
    "name": "png-uni-avax",
    "address": "0x92dC558cB9f8d0473391283EaD77b79b416877cA",
    "decimals": "1e18",
    "poolId": 0,
    "rewardPool": "0x1F6aCc5F5fE6Af91C1BB3bEbd27f4807a243D935",
    "chainId": 43114,
    "lp0": {
      "address": "0xB31f66AA3C1e785363F0875A1B74E27b85FD66c7",
      "oracle": "tokens",
      "oracleId": "AVAX",
      "decimals": "1e18"
    },
    "lp1": {
      "address": "0xf39f9671906d8630812f9d9863bBEf5D523c84Ab",
      "oracle": "tokens",
      "oracleId": "UNIo",
      "decimals": "1e18"
    }
  },
  {
    "name": "png-usdt-png",
    "address": "0xE8AcF438B10A2C09f80aEf3Ef2858F8E758C98F9",
    "decimals": "1e18",
    "poolId": 0,
    "rewardPool": "0xE2510a1fCCCde8d2D1c40b41e8f71fB1F47E5bBA",
    "chainId": 43114,
    "lp0": {
      "address": "0x60781C2586D68229fde47564546784ab3fACA982",
      "oracle": "tokens",
      "oracleId": "PNG",
      "decimals": "1e18"
    },
    "lp1": {
      "address": "0xde3A24028580884448a5397872046a019649b084",
      "oracle": "tokens",
      "oracleId": "USDTo",
      "decimals": "1e6"
    }
  },
  {
    "name": "png-png-avax",
    "address": "0xd7538cABBf8605BdE1f4901B47B8D42c61DE0367",
    "decimals": "1e18",
    "poolId": 0,
    "rewardPool": "0x574d3245e36Cf8C9dc86430EaDb0fDB2F385F829",
    "chainId": 43114,
    "lp0": {
      "address": "0x60781C2586D68229fde47564546784ab3fACA982",
      "oracle": "tokens",
      "oracleId": "PNG",
      "decimals": "1e18"
    },
    "lp1": {
      "address": "0xB31f66AA3C1e785363F0875A1B74E27b85FD66c7",
      "oracle": "tokens",
      "oracleId": "AVAX",
      "decimals": "1e18"
    }
  },
  {
    "name": "png-eth-avax",
    "address": "0x1aCf1583bEBdCA21C8025E172D8E8f2817343d65",
    "decimals": "1e18",
    "poolId": 0,
    "rewardPool": "0x417C02150b9a31BcaCb201d1D60967653384E1C6",
    "chainId": 43114,
    "lp0": {
      "address": "0xB31f66AA3C1e785363F0875A1B74E27b85FD66c7",
      "oracle": "tokens",
      "oracleId": "AVAX",
      "decimals": "1e18"
    },
    "lp1": {
      "address": "0xf20d962a6c8f70c731bd838a3a388D7d48fA6e15",
      "oracle": "tokens",
      "oracleId": "ETHo",
      "decimals": "1e18"
    }
  },
  {
    "name": "png-usdt-avax",
    "address": "0x9EE0a4E21bd333a6bb2ab298194320b8DaA26516",
    "decimals": "1e18",
    "poolId": 0,
    "rewardPool": "0x94C021845EfE237163831DAC39448cFD371279d6",
    "chainId": 43114,
    "lp0": {
      "address": "0xB31f66AA3C1e785363F0875A1B74E27b85FD66c7",
      "oracle": "tokens",
      "oracleId": "AVAX",
      "decimals": "1e18"
    },
    "lp1": {
      "address": "0xde3A24028580884448a5397872046a019649b084",
      "oracle": "tokens",
      "oracleId": "USDTo",
      "decimals": "1e6"
    }
  }
]
